{"camera": {"xRes": 1920, "yRes": 1080, "position": {"x": -0.0597819909453392, "y": 0.2288139909505844, "z": -0.8407819867134094}, "rotation": {"x": 11.899997029814102, "y": 10.499999438415474, "z": 1.2999999365688704}, "focalLength": 0.05, "focusDistance": 0.69, "aperture": 2.8, "bokeh": "true"}, "hdri": {"name": "hdri", "xOffset": 0.5}}